{
  "experiment": "regression_precision_analysis",
  "timestamp": "2026-02-20T13:28:39",
  "dataset": {
    "name": "Sotheby's 29K (no estimates)",
    "n_samples": 29485,
    "n_features": 21,
    "n_train": 20639,
    "n_test": 4423,
    "price_range_usd": [
      100.00000000000004,
      20999999.99999998
    ],
    "quartiles_usd": [
      2553.805493620878,
      6499.999999999995,
      18303.029443844254
    ]
  },
  "regression_results": {
    "Raw+Ridge": {
      "label": "Raw+Ridge",
      "r2": 0.37534346333624224,
      "rmse_log": 1.1732885143666976,
      "mae_log": 0.9122054528113425,
      "mdape": 67.1977872711505,
      "mean_ape": 148.30721602371563,
      "mult_factor": 3.2326056485633035,
      "example_10k_low": 3093.4797148685275,
      "example_10k_high": 32326.056485633035
    },
    "PCA+Ridge": {
      "label": "PCA+Ridge",
      "r2": 0.36171016622114427,
      "rmse_log": 1.1860230744895581,
      "mae_log": 0.9166123863937362,
      "mdape": 67.14776018263203,
      "mean_ape": 151.62261642425432,
      "mult_factor": 3.2740346899837527,
      "example_10k_low": 3054.3353833705482,
      "example_10k_high": 32740.34689983753
    },
    "Raw+RF": {
      "label": "Raw+RF",
      "r2": 0.4110630849129371,
      "rmse_log": 1.1392487568453555,
      "mae_log": 0.8772022644650367,
      "mdape": 63.70651091354872,
      "mean_ape": 142.66875254623156,
      "mult_factor": 3.1244202839560575,
      "example_10k_low": 3200.593739373074,
      "example_10k_high": 31244.202839560574
    },
    "Raw+LGBM": {
      "label": "Raw+LGBM",
      "r2": 0.4272419137334923,
      "rmse_log": 1.1234914959117315,
      "mae_log": 0.8628688774499748,
      "mdape": 61.50543838637792,
      "mean_ape": 126.88830705490619,
      "mult_factor": 3.07557383209408,
      "example_10k_low": 3251.4257650551194,
      "example_10k_high": 30755.738320940804
    },
    "SVAE+Ridge": {
      "label": "SVAE+Ridge",
      "r2": 0.37647703907902474,
      "rmse_log": 1.172223436785459,
      "mae_log": 0.913370195638079,
      "mdape": 67.19885326171867,
      "mean_ape": 146.54516576146017,
      "mult_factor": 3.2291645056254317,
      "example_10k_low": 3096.776265990567,
      "example_10k_high": 32291.645056254318
    }
  },
  "bucket_results": {
    "Raw+Ridge": {
      "accuracy": 0.39452860049739996,
      "within_1": 0.9095636445851232
    },
    "PCA+Ridge": {
      "accuracy": 0.3990504182681438,
      "within_1": 0.909337553696586
    },
    "Raw+RF": {
      "accuracy": 0.4273117793352928,
      "within_1": 0.9036852814831562
    },
    "Raw+LGBM": {
      "accuracy": 0.42595523400406965,
      "within_1": 0.9070766448112141
    },
    "SVAE+Ridge": {
      "accuracy": 0.3995026000452182,
      "within_1": 0.9147637350214787
    }
  },
  "error_distribution": {
    "p10": 12.320386003478989,
    "p25": 30.20419160441584,
    "p50": 61.50543838637792,
    "p75": 97.92066082279572,
    "p90": 282.29423797557484,
    "p95": 469.8533716211526
  },
  "within_thresholds": {
    "within_10pct": 0.08297535609314945,
    "within_20pct": 0.15916798553018313,
    "within_30pct": 0.24824779561383675,
    "within_50pct": 0.4139724169115985,
    "within_100pct": 0.7562740221569071
  },
  "elapsed_seconds": 127.58675462496467
}