{"train": [0.3751977451822974, 0.3336529623378407, 0.41611396995457733, 0.32776796546849335, 0.37617323750799353, 0.4128362522883849, 0.3682526715777137, 0.32846378264102066, 0.3446925160559741, 0.3676912141117183, 0.26798896897922864, 0.3503926938230341, 0.3716725923798301, 0.3910246281461282, 0.32640212774276733, 0.26748112453655765, 0.3105727383358912, 0.273138202726841, 0.24820145016366785, 0.26926468177275226, 0.2869709459218112, 0.3351104381409558, 0.30256168815222656, 0.26343507184223697, 0.3010481101545421, 0.2855632494796406, 0.2886143624782562, 0.3297949893908067, 0.34966577047651465, 0.2639251175251874, 0.28343679959123785, 0.2646692185239358, 0.27822203866460105, 0.2584974284876477, 0.385534944859418, 0.2593706412748857, 0.2374360358173197, 0.2962947907772931], "val": [0.46770496666431427, 0.311397060751915, 0.25517260283231735, 0.43950317800045013, 0.2665292099118233, 0.2485886737704277, 0.28872208297252655, 0.44414617866277695, 0.23771186918020248, 0.3191588595509529, 0.2573017105460167, 0.25642571598291397, 0.37408609688282013, 0.4346289187669754, 0.36533352360129356, 0.2466307431459427, 0.197475403547287, 0.21822214871644974, 0.36488595604896545, 0.2725916653871536, 0.408243291079998, 0.3859304115176201, 0.1934208646416664, 0.20129593461751938, 0.22422075271606445, 0.22378066927194595, 0.41572293639183044, 0.22210094332695007, 0.254113033413887, 0.2699936032295227, 0.1996409222483635, 0.21544039249420166, 0.2211419865489006, 0.26878730207681656, 0.4529990032315254, 0.2647143751382828, 0.274463526904583, 0.2665513753890991]}