{
  "experiment": "C_orth_regularized_supervised_vae",
  "timestamp": "2026-02-20T10:58:29",
  "raw_baseline": {
    "max_vif": 11.323831909057061,
    "mean_vif": 2.6730549593858597,
    "condition_number": 271117.9408085859
  },
  "configs": [
    {
      "name": "b1_a1_g1",
      "config": {
        "beta": 1.0,
        "alpha": 1.0,
        "gamma": 1.0,
        "embedding_dim": 8
      },
      "training": {
        "best_epoch": 160,
        "best_val_loss": 1.8361048698425293,
        "time_s": 5.5711014999542385,
        "best_pred_acc": 0.8904761904761904
      },
      "embedding_quality": {
        "mean_activation": 0.5291905999183655,
        "std_activation": 0.7279306650161743,
        "max_inter_dim_correlation": 0.04811772469211232,
        "mean_inter_dim_correlation": 0.013815048680460598,
        "dead_dimensions": 0
      },
      "vif": {
        "max": 1.0046098164749937,
        "mean": 1.0026113973267754,
        "severe": 0,
        "per_dim": {
          "emb_0": 1.0026853476787747,
          "emb_1": 1.0033538991222786,
          "emb_2": 1.0013357337547202,
          "emb_3": 1.0046098164749937,
          "emb_4": 1.0027270573480533,
          "emb_5": 1.0022024634377331,
          "emb_6": 1.0014912040094948,
          "emb_7": 1.0024856567881544
        }
      },
      "condition_number": 1.3502850532531738,
      "condition_improvement": 200785.7082883315,
      "wald_test": {
        "significant": 8,
        "total": 8,
        "fraction": 1.0,
        "per_dim": {
          "dim_0": {
            "coef": 1.6510824261431505,
            "z": 7.529621098354334,
            "p": 5.084821452783217e-14
          },
          "dim_1": {
            "coef": -2.0592127951079098,
            "z": -10.32132054776414,
            "p": 0.0
          },
          "dim_2": {
            "coef": -2.566036692980421,
            "z": -10.977462218898332,
            "p": 0.0
          },
          "dim_3": {
            "coef": -0.39734872922298586,
            "z": -2.4083262873666413,
            "p": 0.01602585092120501
          },
          "dim_4": {
            "coef": -2.6478835017993547,
            "z": -12.471224625663528,
            "p": 0.0
          },
          "dim_5": {
            "coef": 1.6889954036681674,
            "z": 7.761671004689477,
            "p": 8.43769498715119e-15
          },
          "dim_6": {
            "coef": -2.691498601963373,
            "z": -10.969485154021488,
            "p": 0.0
          },
          "dim_7": {
            "coef": 0.9688844662525457,
            "z": 5.5672798906876615,
            "p": 2.5874660636304725e-08
          }
        }
      },
      "orthogonality": {
        "mean_cos": 1.477718888054369e-05,
        "max_cos": 4.586753129842691e-05
      },
      "probe_accuracy": 0.918883572567783,
      "logistic_reg": {
        "accuracy": 0.9217557251908397,
        "auc": 0.9814395483296348
      },
      "criteria": {
        "VIF max < 10": true,
        "Condition 5x+": true,
        "Probe >= 83%": true,
        "Sig dims > 30%": true
      },
      "passed": 4,
      "verdict": "STRONG SUPPORT"
    },
    {
      "name": "b1_a1_g10",
      "config": {
        "beta": 1.0,
        "alpha": 1.0,
        "gamma": 10.0,
        "embedding_dim": 8
      },
      "training": {
        "best_epoch": 181,
        "best_val_loss": 6.192095994949341,
        "time_s": 5.622542208991945,
        "best_pred_acc": 0.861904761904762
      },
      "embedding_quality": {
        "mean_activation": 0.6861346960067749,
        "std_activation": 0.9152220487594604,
        "max_inter_dim_correlation": 0.041203998082808724,
        "mean_inter_dim_correlation": 0.012036212524022084,
        "dead_dimensions": 0
      },
      "vif": {
        "max": 1.0038530299582578,
        "mean": 1.0022988033595417,
        "severe": 0,
        "per_dim": {
          "emb_0": 1.0015651604758116,
          "emb_1": 1.0024615770333434,
          "emb_2": 1.0024177332864663,
          "emb_3": 1.0027555249910751,
          "emb_4": 1.0018795225675876,
          "emb_5": 1.0038530299582578,
          "emb_6": 1.0003721906670417,
          "emb_7": 1.0030856878967493
        }
      },
      "condition_number": 1.2863413095474243,
      "condition_improvement": 210766.7217062117,
      "wald_test": {
        "significant": 8,
        "total": 8,
        "fraction": 1.0,
        "per_dim": {
          "dim_0": {
            "coef": 2.231754487497417,
            "z": 12.551048372667994,
            "p": 0.0
          },
          "dim_1": {
            "coef": -1.5068117947573696,
            "z": -11.144131334775645,
            "p": 0.0
          },
          "dim_2": {
            "coef": 0.4106395577727695,
            "z": 3.4856456945445666,
            "p": 0.0004909507907444599
          },
          "dim_3": {
            "coef": 1.835153383081879,
            "z": 10.713166820718978,
            "p": 0.0
          },
          "dim_4": {
            "coef": -0.44545424666928635,
            "z": -3.5632599307879445,
            "p": 0.0003662776689214997
          },
          "dim_5": {
            "coef": 0.7325308845672,
            "z": 6.47517636053632,
            "p": 9.470135786671108e-11
          },
          "dim_6": {
            "coef": -0.9835156146092467,
            "z": -6.6387708618265915,
            "p": 3.1630920105385485e-11
          },
          "dim_7": {
            "coef": 2.1028101683681832,
            "z": 12.985871315490439,
            "p": 0.0
          }
        }
      },
      "orthogonality": {
        "mean_cos": 1.3129814760759473e-05,
        "max_cos": 3.96384384657722e-05
      },
      "probe_accuracy": 0.8778765094554568,
      "logistic_reg": {
        "accuracy": 0.8778625954198473,
        "auc": 0.9570784837643223
      },
      "criteria": {
        "VIF max < 10": true,
        "Condition 5x+": true,
        "Probe >= 83%": true,
        "Sig dims > 30%": true
      },
      "passed": 4,
      "verdict": "STRONG SUPPORT"
    },
    {
      "name": "b1_a05_g5",
      "config": {
        "beta": 1.0,
        "alpha": 0.5,
        "gamma": 5.0,
        "embedding_dim": 8
      },
      "training": {
        "best_epoch": 180,
        "best_val_loss": 3.639876365661621,
        "time_s": 5.6282075410708785,
        "best_pred_acc": 0.8523809523809524
      },
      "embedding_quality": {
        "mean_activation": 0.6049884557723999,
        "std_activation": 0.8163608908653259,
        "max_inter_dim_correlation": 0.04028798690824401,
        "mean_inter_dim_correlation": 0.013270472454466813,
        "dead_dimensions": 0
      },
      "vif": {
        "max": 1.0038635414164818,
        "mean": 1.0024083699498894,
        "severe": 0,
        "per_dim": {
          "emb_0": 1.0015954756191923,
          "emb_1": 1.0015748467718268,
          "emb_2": 1.0022604185173427,
          "emb_3": 1.0038635414164818,
          "emb_4": 1.0035567574713231,
          "emb_5": 1.0023617961504234,
          "emb_6": 1.0009836087091672,
          "emb_7": 1.003070514943358
        }
      },
      "condition_number": 1.2571132183074951,
      "condition_improvement": 215667.083012303,
      "wald_test": {
        "significant": 8,
        "total": 8,
        "fraction": 1.0,
        "per_dim": {
          "dim_0": {
            "coef": 2.409964227740251,
            "z": 12.530009131319096,
            "p": 0.0
          },
          "dim_1": {
            "coef": -1.5626675634709843,
            "z": -10.634932135020115,
            "p": 0.0
          },
          "dim_2": {
            "coef": 0.5014408851380338,
            "z": 3.8325973313481096,
            "p": 0.00012679740659815586
          },
          "dim_3": {
            "coef": 1.6637306070778606,
            "z": 9.406856799003812,
            "p": 0.0
          },
          "dim_4": {
            "coef": -0.44801654821376463,
            "z": -3.3913914516872787,