{
  "experiment": "pca_baseline_comparison",
  "timestamp": "2026-02-20T11:30:39",
  "n_samples": 1048,
  "n_features": 25,
  "pca_explained_variance": [
    0.1732169645228824,
    0.09097559950940576,
    0.08122099653329148,
    0.0747133429662813,
    0.060321004047353306,
    0.052901658730864685,
    0.051816346883384434,
    0.04588818518709053
  ],
  "pca_total_explained": 0.6310540983805539,
  "results": {
    "Raw (25D)": {
      "label": "Raw (25D)",
      "dims": 25,
      "vif_mean": 2.673054959385859,
      "vif_max": 11.323831909057047,
      "vif_severe": 2,
      "condition_number": 9.855400062790173,
      "orth_mean_cos": 0.00011140290166758486,
      "orth_max_cos": 0.0008529831599530685,
      "orth_corr_pairs": 0,
      "wald_significant": 4,
      "wald_total": 25,
      "wald_fraction": 0.16,
      "cv_accuracy": 0.8740442014126225,
      "cv_accuracy_std": 0.013352566920903404,
      "cv_balanced_accuracy": 0.8698484091611138,
      "cv_balanced_accuracy_std": 0.01683021776341927,
      "cv_f1_yes": 0.8450073090962196,
      "cv_f1_no": 0.8938178802373165,
      "cv_auc": 0.9614055513878469,
      "cv_auc_std": 0.0073766637393248,
      "full_accuracy": 0.8883587786259542,
      "full_auc": 0.9731065923946681
    },
    "PCA (8D)": {
      "label": "PCA (8D)",
      "dims": 8,
      "vif_mean": 1.0,
      "vif_max": 1.0,
      "vif_severe": 0,
      "condition_number": 1.942874600428773,
      "orth_mean_cos": 4.196747564151567e-19,
      "orth_max_cos": 2.8245404287393477e-18,
      "orth_corr_pairs": 0,
      "wald_significant": 6,
      "wald_total": 8,
      "wald_fraction": 0.75,
      "cv_accuracy": 0.854025974025974,
      "cv_accuracy_std": 0.025565710518330374,
      "cv_balanced_accuracy": 0.8440477031022462,
      "cv_balanced_accuracy_std": 0.03075371180654155,
      "cv_f1_yes": 0.8138770464530491,
      "cv_f1_no": 0.8797679386194762,
      "cv_auc": 0.932314113234191,
      "cv_auc_std": 0.015552250018163887,
      "full_accuracy": 0.8568702290076335,
      "full_auc": 0.9400955572664281
    },
    "Orth-SVAE (8D)": {
      "label": "Orth-SVAE (8D)",
      "dims": 8,
      "vif_mean": 1.0026113973267754,
      "vif_max": 1.0046098164749937,
      "vif_severe": 0,
      "condition_number": 1.3502850532531738,
      "orth_mean_cos": 1.477718888054369e-05,
      "orth_max_cos": 4.586753129842691e-05,
      "orth_corr_pairs": 0,
      "wald_significant": 8,
      "wald_total": 8,
      "wald_fraction": 1.0,
      "cv_accuracy": 0.918883572567783,
      "cv_accuracy_std": 0.013540924226252521,
      "cv_balanced_accuracy": 0.9138695556242,
      "cv_balanced_accuracy_std": 0.01566224603529489,
      "cv_f1_yes": 0.8986465523504311,
      "cv_f1_no": 0.9322263704600339,
      "cv_auc": 0.9791011958872071,
      "cv_auc_std": 0.004999991534363827,
      "full_accuracy": 0.9217557251908397,
      "full_auc": 0.9814395483296348
    }
  },
  "verdict": "NEURAL NET ADDS VALUE"
}